Title,Price,Rating,Reviews
"Samsung Galaxy S26 Ultra, Unlocked Android Smartphone, 512GB, Privacy Display, Galaxy AI, AI Camera, Super Fast Charging 3.0, Durable Battery, 2026, US 1 Year Warranty, Black","167,404
.",4.6 out of 5 stars,Products highlighted as 'Overall Pick' are:
"TracFone Samsung Galaxy A16 5G, 128GB, 50MP Triple Camera, Android 6.7"" FHD+ Super AMOLED 90Hz Display [Activation Promotion Incl: 1500Min/1500Txt/1500MB, 365 Days Service Plan] Locked to BLK","10,316
.",4.6 out of 5 stars,200+ bought in past month
"Samsung Galaxy S26 Ultra, Unlocked Android Smartphone, 512GB, Privacy Display, Galaxy AI, AI Camera, Super Fast Charging 3.0, Durable Battery, 2026, US 1 Year Warranty, Black","167,404
.",4.6 out of 5 stars,Products highlighted as 'Overall Pick' are:
"Samsung Galaxy A17 5G Smart Phone, 128GB, Large AMOLED, High-Res Camera, Durable Design, Super Fast Charging, Expandable Storage, Circle to Search, 2025, US 1 Yr Manufacturer Warranty, Black","25,792
.",4.2 out of 5 stars,3K+ bought in past month
"Samsung Galaxy S25 FE Cell Phone (2025), 128GB AI Smartphone, Unlocked Android, Large Display, 4900mAh Battery, High Res-Camera, AI Photo Edits, Durable, US 1 Yr Warranty, Icyblue","62,226
.",4.6 out of 5 stars,300+ bought in past month
"Google Pixel 10 - Unlocked Android Smartphone - Gemini AI Assistant - Advanced Triple Rear Camera, Fast-Charging 24+ Hour Battery, and 6.3"" Actua Display - Obsidian - 128 GB (2025 Model)",N/A,4.6 out of 5 stars,500+ bought in past month
"Samsung Galaxy S25 FE Cell Phone (2025), 128GB AI Smartphone, Unlocked Android, Large Display, 4900mAh Battery, High Res-Camera, AI Photo Edits, Durable, US 1 Yr Warranty, JetBlack | AI Smartphone, Large Display, 4900mAh Battery, High Res-Camera, AI Photo Edits, US 1 Yr Warranty","64,483
.",4.6 out of 5 stars,300+ bought in past month
Motorola Moto G Play | 2024 | Unlocked | Made for US 4/64GB | 50MP Camera | Sapphire Blue,"14,185
.",4.3 out of 5 stars,3K+ bought in past month
Moto G Power 5G | 2024 | Unlocked | Made for US 8/128GB | 50MP Camera | Midnight Blue,"16,402
.",4.3 out of 5 stars,3K+ bought in past month
"Samsung Galaxy Z Flip 6, 256GB, Blue - Unlocked (Renewed)",N/A,4.0 out of 5 stars,500+ bought in past month
"OnePlus 15, 16GB RAM + 512GB Storage, Dual-SIM, Unlocked Android Smartphone, Snapdragon 8 Elite Gen 5, 7300mAh Battery, Infinite Black","128,968
.",4.6 out of 5 stars,More Buying Choices
"Nothing Phone (4a) Pro Cell Phone 2026 New, Unlocked Android 16 Smartphone, Triple-Lens Camera, AI Photo Edits, 6.83"" 144Hz AMOLED Display, 5080mAh Battery, Dual-SIM Glyph Matrix (Sliver, 8+128GB) | Phone","64,356
.",4.1 out of 5 stars,200+ bought in past month
"Samsung Galaxy S23 5G, 128GB, Phantom Black - Unlocked (Renewed)","28,244
.",4.1 out of 5 stars,1K+ bought in past month
Moto G 5G | 2024 | Unlocked | Made for US 4/128GB | 50MP Camera | Sage Green,"16,764
.",4.3 out of 5 stars,1K+ bought in past month
"Samsung Galaxy Z Flip7 FE Cell Phone, 256GB AI Smartphone, Unlocked Android, Long Battery Life, 2025, US 1 Yr Manufacturer Warranty, White","80,314
.",4.5 out of 5 stars,100+ bought in past month
"Samsung Galaxy A16 4G LTE (128GB + 4GB) International Model SM-A165F/DS Factory Unlocked, 6.7"", Dual SIM, 50MP Triple Camera (Case Bundle), Black","17,213
.",4.4 out of 5 stars,3K+ bought in past month
"Motorola razr FIFA World Cup 26™ Edition | Unlocked | Made for US 8/256GB | 50MP Camera | FIFA World Cup 26™, Unlocked, Compact flip design, Moto AI","77,380
.",N/A,N/A
"Google Pixel 9a with Gemini - Unlocked Android Smartphone with Incredible Camera and AI Photo Editing, All-Day Battery, and Powerful Security - Obsidian - 128 GB",N/A,4.5 out of 5 stars,400+ bought in past month
Motorola Moto G Stylus 5G | 2024 | Unlocked | Made for US 8/128GB | 50MP Camera | Caramel Latte,"21,924
.",4.5 out of 5 stars,500+ bought in past month
Motorola Edge | 2024 | Unlocked | Made for US 8/256GB | 50MP Camera | Midnight Blue,"32,241
.",4.3 out of 5 stars,500+ bought in past month
"SAMSUNG Galaxy A16 4G Dual SIM (128GB, 2025) 6.7"" 90Hz AMOLED, Splash Resistant, 8Core, 50MP Camera (Factory Unlocked International Model for GSM, Global) A165M/DS (25W Fast Charger Bundle, Black)","16,372
.",4.3 out of 5 stars,1K+ bought in past month
"Kewig Motorcycle Phone Mount with Aluminum Alloy Mounting Base [Camera Friendly] [1s Lock & Release] Bike Handlebar Cellphone Holder for Scooter Bicycle ATV, Fit 5.4-7.2"" Smartphone","2,668
.",4.3 out of 5 stars,100+ bought in past month
"Samsung Galaxy Z Fold7 Cell Phone, 512GB AI Smartphone, Unlocked Android, AI Photo Edits, Large Screen, Long Battery Life, 2025, US 1 Yr Manufacturer Warranty, JetBlack","217,958
.",4.6 out of 5 stars,100+ bought in past month
"I24 Ultra Unlocked Phone,Built in Pen The Phone,Smartphone Battery 6800mAh 6.8"" HD Screen,Android 14 16+512GB with 128GB Memory Card Cell Phone,5G/Face ID/Fingerprint Lock/GPS (Purple, 16+512GB)","23,213
.",3.5 out of 5 stars,N/A
"Google Pixel 10 Pro XL - Unlocked Android Smartphone - Gemini AI Assistant, Triple Rear Camera System, and 6.8"" Super Actua Display - Moonstone - 256 GB (2025 Model) (Renewed)",N/A,3.8 out of 5 stars,100+ bought in past month
"Apple iPhone 16 Pro Max, 512GB, Natural Titanium - Unlocked (Renewed)","107,043
.",4.3 out of 5 stars,100+ bought in past month
"Google Pixel 10 Pro XL - Unlocked Android Smartphone - Gemini AI Assistant, Triple Rear Camera System, Fast-Charging 24+ Hour Battery, and 6.8"" Super Actua Display - Obsidian - 256 GB (2025 Model)",N/A,4.4 out of 5 stars,200+ bought in past month
"Google Pixel 9 - Unlocked Android Smartphone with Gemini, 24-Hour Battery, Advanced Camera, and 6.3"" Actua Display - Obsidian - 128 GB","81,251
.",4.6 out of 5 stars,500+ bought in past month
"Blackview Fort 2 Rugged Phone Android 15, 10.7mm Ultra-Thin Rugged Smartphone Unlocked, 24GB + 128GB/2TB 6.56”HD+90Hz Large Dispaly, 4G T-Mobile Dual SIM IP69K Waterproof 16MP+13MP Camera, NFC/OTG/GPS","25,792
.",4.5 out of 5 stars,50+ bought in past month
"Samsung Galaxy A56 5G 2025 | 256GB, 12GB, Dual SIM | 6.7"" 120Hz AMOLED, IP67 Water Resistant, Android 15 | International Model Factory Unlocked for T-Mobile & Global | 25W Charger Bundle (Graphite)","54,812
.",4.5 out of 5 stars,100+ bought in past month
"Samsung Galaxy A06 4G LTE (64GB + 4GB) Latin Version SM-A065M/DS Factory Unlocked 6.7"" Dual Sim 50MP Dual Cam (Case Bundle) - (Black)","12,200
.",4.7 out of 5 stars,500+ bought in past month
"Samsung Galaxy Z Fold7 Cell Phone, 512GB AI Smartphone, Unlocked Android, AI Photo Edits, Large Screen, Long Battery Life, 2025, US 1 Yr Manufacturer Warranty, Blue Shadow","221,827
.",4.6 out of 5 stars,50+ bought in past month
"Nothing Phone (4a) Pro Cell Phone 2026 New, Unlocked Android 16 Smartphone, Triple-Lens Camera, AI Photo Edits, 6.83"" 144Hz AMOLED Display, 5080mAh Battery, Dual-SIM Glyph Matrix (Black, 8+128GB) | Phone","64,356
.",4.1 out of 5 stars,100+ bought in past month
"Ecshock 17PM Unlocked Phone | Cell Phone Android 15.0 | 16+512GB Smartphone| 6.99"" HD Display | Long Battery Life 7000mAh | 68+108MP Zoom Camera| Fingerprint Lock | with Dual SIM (Pink)","24,503
.",5.0 out of 5 stars,New on Amazon in past month
"Google Pixel 9 Pro XL - Unlocked Android Smartphone with Gemini, Triple Rear Camera System, 24-Hour Battery, and 6.8"" Super Actua Display - Hazel - 128 GB","90,150
.",4.4 out of 5 stars,100+ bought in past month
"Samsung Galaxy S21 5G, US Version, 128GB, Phantom Gray - Unlocked (Renewed)",N/A,4.0 out of 5 stars,1K+ bought in past month
"Nothing Phone (4a) Pro Cell Phone 2026 New, Unlocked Android 16 Smartphone, Triple-Lens Camera, AI Photo Edits, 6.83"" 144Hz AMOLED Display, 5080mAh Battery, Dual-SIM Glyph Matrix (Black, 8+128GB) | Phone","64,356
.",4.1 out of 5 stars,100+ bought in past month
"Samsung Galaxy Z Fold7 Cell Phone, 256GB AI Smartphone, Unlocked Android, AI Photo Edits, Large Screen, Long Battery Life, 2025, US 1 Yr Manufacturer Warranty, Blue Shadow","206,350
.",4.6 out of 5 stars,100+ bought in past month
"Samsung Galaxy Z Fold 5 5G US Version, 512GB, ICY Blue - Unlocked (Renewed)",N/A,4.1 out of 5 stars,100+ bought in past month
"Samsung Galaxy S24 Ultra 5G, US Version, 512GB, Titanium Violet - Unlocked (Renewed)",N/A,4.1 out of 5 stars,100+ bought in past month
"Apple iPhone 12, 64GB, Blue - Unlocked (Renewed)",N/A,4.1 out of 5 stars,500+ bought in past month
"Motorola Moto G 5G 2024 (128GB, 4GB) 6.6"", 50MP Dual Camera, Android 14, XT2417 (Unlocked, Sage Green) (Renewed)",N/A,4.0 out of 5 stars,500+ bought in past month
"Samsung Galaxy S25 FE Cell Phone (2025), 128GB AI Smartphone, Unlocked Android, Large Display, 4900mAh Battery, High Res-Camera, AI Photo Edits, Durable, US 1 Yr Warranty, Navy","64,483
.",4.6 out of 5 stars,50+ bought in past month
"$29/mo. Ultra Mobile Prepaid Phone Plan with Unlimited Talk, Text, & 12GB of 5G • 4G LTE Data for 1 Month (3-in-1 SIM Card Kit)","3,724
.",3.9 out of 5 stars,N/A
"$30/mo. Mint Mobile Phone Plan with Unlimited Talk, Text & Data for 3 Months (3-in-1 SIM Card)","11,607
.",4.2 out of 5 stars,300+ bought in past month
64GB USB C Flash Drive Dual USB 3.0 Flash Drive Type C + USB A Portable Type-C Flash Drive 2-in-1 USB-C Thumb Drive for Smartphone Tablet Computer Mac iPhone 16/17 Black,"4,125
.",4.4 out of 5 stars,100+ bought in past month
"Samsung Galaxy Z Fold7 Cell Phone, 512GB AI Smartphone, Unlocked Android, AI Photo Edits, Large Screen, Long Battery Life, 2025, US 1 Yr Manufacturer Warranty, JetBlack","217,958
.",4.6 out of 5 stars,100+ bought in past month
"OnePlus 15R, 12GB RAM + 256GB Storage, Dual-SIM, Unlocked Android Smartphone, Snapdragon 8 Gen 5, 7400mAh Battery, Charcoal Black","90,277
.",4.5 out of 5 stars,100+ bought in past month
"Tracfone Motorola Moto g Play 2024 [Activation Promotion] Locked to Tracfone, 64GB, Includes 1500Min/1500Txt/1500MB, 365 Days Service Plan, 6.5"" 90Hz Display, 50MP Camera, Storage 4GB RAM","6,447
.",4.3 out of 5 stars,1K+ bought in past month
"TCL 60 XE NXTPAPER 5G Cell Phone, AT&T, T-Mobile & Verizon Unlocked Android Smartphone, 8GB+128GB, 6.8"" 120Hz Paper-Like Display, AI Features, 5010mAh Battery, Advanced Camera System, Space Blue","25,792
.",4.1 out of 5 stars,300+ bought in past month
"Google Pixel 10a - Unlocked Android Smartphone - 7 Years of Pixel Drops, 30+ Hours Battery, Camera Coach, Gemini Live, Durable Design, Call Screen, Car Crash Detection - Obsidian - 128 GB (2026 Model)",N/A,4.4 out of 5 stars,500+ bought in past month
Motorola Razr Ultra 2025 | Unlocked | Made for US 16/512GB | 50MP Camera | Pantone Scarab,"90,277
.",4.1 out of 5 stars,List: 
"Verizon Prepaid Motorola Moto G 2025, 64GB, 5G, 50MP Camera System, 6.7"" 120Hz Display, 5000mAh Battery - Locked to Verizon Prepaid - Blue","5,143
.",3.9 out of 5 stars,400+ bought in past month
"Samsung Galaxy A36 5G A Series, 128GB Unlocked Android Smartphone, AMOLED Display, Rugged Design, 5G Connectivity, Affordable Performance, US Version, 2025, US 1 Yr Warranty, Awesome Lavender","51,198
.",4.5 out of 5 stars,300+ bought in past month
Unlocked Cell Phone A14 Pro Max Smartphone 6GB+256GB Android Phone 13MP+50MP Camera 6.8-inch HD Screen Mobile Phone 5G Dual SIM (Gold1),"11,606
.",5.0 out of 5 stars,Only 20 left in stock - order soon.
"Nothing Phone (4a) Pro Cell Phone 2026 New, Unlocked Android 16 Smartphone, Triple-Lens Camera, AI Photo Edits, 6.83"" 144Hz AMOLED Display, 5080mAh Battery, Dual-SIM Glyph Matrix (Sliver, 12+256GB) | Phone","77,253
.",4.1 out of 5 stars,200+ bought in past month
"8849 Tank X Rugged Smartphone 5G, IP68 Waterproof Android 15 Unlocked Mobile Cell Phones with 220 Lumens Projector, 32GB+512GB, 6.78’’ 120Hz Screen, 17600mAh(120W)/1200LM Camping Light/GPS/OTG","85,118
.",4.5 out of 5 stars,"Save KES 5,158.80"
BLU Bold N4 5G | Unlocked | 6.78” Curved Display + 1.74” Rear Display | 50MP + 16MP Selfie | 512/8GB I NFC I Android 15 | US Version | US Warranty | White,"38,689
.",4.5 out of 5 stars,100+ bought in past month
"Unihertz Titan 2 The Latest 5G QWERTY Physical Keyboard 5G Smartphone Android 15 Dual Screen 5050mAh Large Battery Capacity 12+512GB Memory Compatible with T-Mobile, Verizon and AT&T only","63,194
.",4.2 out of 5 stars,N/A
BLU C5L MAX | 2024 | All-Day Battery | GSM Unlocked | 5.7” Display | 16/2GB |US Version | US Warranty | Black,"6,435
.",3.6 out of 5 stars,1K+ bought in past month
"Cheap Mobile Phones, 5.0 Inch, Android 9.0, Dual SIM Dual Camera, Quad Core, 16GB ROM【Expandable up to 128GB】, Support WiFi/Bluetooth/FM, Face Unlocked Phones (Blue)","6,705
.",2.9 out of 5 stars,N/A
"Apple iPhone 14 Plus, 128GB, Midnight - Unlocked (Renewed)",N/A,4.1 out of 5 stars,1K+ bought in past month
"Samsung Galaxy S25 Ultra, 512GB Smartphone, Unlocked Android, AI Night Mode Camera, Snapdragon 8 Elite Fast Processor, 5000mAh Battery, Built-in S Pen, 2025, US 1 Yr Warranty, Titanium Silverblue","170,239
.",4.6 out of 5 stars,List: 
"Apple iPhone 16e, 128GB, Black - Unlocked (Renewed)",N/A,4.4 out of 5 stars,1K+ bought in past month
"Samsung Galaxy S26+, Unlocked Android Smartphone, 512GB Powerful Processor, Galaxy AI, Immersive Viewing, Durable Battery, 2026, US 1 Year Warranty, White","145,089
.",4.6 out of 5 stars,List: 
"9H+ Glass for Samsung Galaxy S26 Ultra Screen Protector Tempered Glass, [One-Pull Easy Install] [12 FT Shatterproof] Support Fingerprint Unlock, Auto Dust-Elimination, Bubble Free, Case Fit, 2 Pack","2,062
.",4.5 out of 5 stars,300+ bought in past month
"Kewig Motorcycle Phone Mount with Aluminum Alloy Mounting Base [Camera Friendly] [1s Lock & Release] Bike Handlebar Cellphone Holder for Scooter Bicycle ATV, Fit 5.4-7.2"" Smartphone","2,668
.",4.3 out of 5 stars,100+ bought in past month
"$29/mo. Ultra Mobile Prepaid Phone Plan with Unlimited Talk, Text, & 12GB of 5G • 4G LTE Data for 1 Month (3-in-1 SIM Card Kit)","3,724
.",3.9 out of 5 stars,N/A
"Motorola Edge 2025 5G | 256GB, 8GB | 6.7"" FHD+, 50MP Triple 4K Camera | Carrier Unlocked for Verizon, T-Mobile, Metro, Global | XT2519, Pantone Deep Forest (Renewed)","31,209
.",4.4 out of 5 stars,100+ bought in past month
"Ulefone RugKing 5 Pro Rugged Smartphone Android 16, 20000mAh(33W), 16GB+256GB/2TB, 64MP+20MP Night Vision, 6.78"" FHD+ Corning Gorilla Glass, IP69K/68 Waterproof Phone, Versatile LED Light, Widevine L1 | Long-Lasting, Military-Grade, 976 lumens, 910 nits Brightness, Ulefone AI Pro","32,241
.",4.8 out of 5 stars,Only 19 left in stock - order soon.
"SAMSUNG Galaxy S25 Ultra SM-S938B/DS 512GB 12GB RAM AI Smartphone, Factory Unlocked, Global Model - Titanium Silverblue","139,223
.",4.8 out of 5 stars,100+ bought in past month
"Samsung Galaxy A03s, 32GB, Black - Unlocked (Renewed)","8,510
.",3.9 out of 5 stars,500+ bought in past month
"Ulefone Armor 34 Pro Plus 5G Rugged Smartphone with 150 Lumens Projector, 32GB+512GB ROM/2TB, 25500mAh 66W, Android 15, 6.95"" 120Hz, 64MP+50MP+50MP 32MP, 1100LM LED Light/Waterproof/NFC/Widevine L1","90,277
.",4.5 out of 5 stars,N/A
"Tracfone Motorola Moto g 5G (2024) [Activation Promotion] Locked Prepaid Smartphone, 128GB, Gray - Includes $20 Unlimited Talk, Text, & 4GB Data 30-Day Plan","6,447
.",4.2 out of 5 stars,500+ bought in past month
Motorola Moto Edge 5G UW 256gb Nebula Blue for Verizon (Renewed),N/A,4.2 out of 5 stars,50+ bought in past month
Motorola Moto G55 Dual-SIM 256GB ROM + 8GB RAM (GSM Only | No CDMA) Factory Unlocked 5G Smartphone (Forest Grey) - International Version,"23,987
.",4.3 out of 5 stars,50+ bought in past month
"Nothing Phone (4a) Pro Cell Phone 2026 New, Unlocked Android 16 Smartphone, Triple-Lens Camera, AI Photo Edits, 6.83"" 144Hz AMOLED Display, 5080mAh Battery, Dual-SIM Glyph Matrix (Sliver, 8+128GB) | Phone","64,356
.",4.1 out of 5 stars,200+ bought in past month
"Samsung Galaxy S26+, Unlocked Android Smartphone, 512GB Powerful Processor, Galaxy AI, Immersive Viewing, Durable Battery, 2026, US 1 Year Warranty, White","145,089
.",4.6 out of 5 stars,List: 
"Samsung Galaxy A37 5G (2026), Unlocked Android Smartphone + $50 Gift Card, 128GB, AMOLED Display, Triple Camera, IP68, Slim Phone, 5000mAh Battery, US Version, US 1 Yr Warranty, Awesome Charcoal","58,035
.",N/A,New on Amazon in past month
"Nothing Phone (3) Cell Phone, 5G Unlocked Phones 256GB, Android 15, Snapdragon 8s Gen4, AI Mobile Phones with Four 50MP Cameras & AMOLED Display, 5150mAh, Glyph Interface, Smartphone Black","97,443
.",4.4 out of 5 stars,List: 
BLU G35 | 2025 | Unlocked | 6.5” HD+ Infinity Display | Dual 8MP Camera + LED Flash 5MP Selfie Camera | 32GB/3GB I US Version | US Warranty | Grey,"7,736
.",3.6 out of 5 stars,400+ bought in past month
"Samsung Galaxy A36 5G 2025 | 256GB, Dual SIM | 6.7"" 120Hz AMOLED, IP67 Water Resistant, Android 15 | International Model Factory Unlocked for T-Mobile & Global | 25W Fast Charger Bundle (White)","38,689
.",4.2 out of 5 stars,100+ bought in past month
Motorola Edge 2025 | Unlocked | Made for US 8/256GB | 50MP Camera | Pantone Deep Forest,"60,541
.",4.4 out of 5 stars,List: 
"Xiaomi Redmi Note 14 4G LTE (for Tmobile Mint Tello Global) (256GB + 8GB) 6.67"" 120Hz 108MP AI Camera Global Version Dual Sim (Midnight Black)","24,504
.",4.4 out of 5 stars,50+ bought in past month
"[Activation Promotion] Tracfone Samsung A15 5G Locked Prepaid Smartphone, 64GB, Black - Includes $20 Unlimited Talk, Text, & 4GB Data 30-Day Plan","7,736
.",4.2 out of 5 stars,200+ bought in past month
"Samsung Galaxy S22+ 5G, 128GB, Phantom Black - Unlocked (International Version) (Renewed)",N/A,4.1 out of 5 stars,500+ bought in past month
64GB USB C Flash Drive Dual USB 3.0 Flash Drive Type C + USB A Portable Type-C Flash Drive 2-in-1 USB-C Thumb Drive for Smartphone Tablet Computer Mac iPhone 16/17 Black,"4,125
.",4.4 out of 5 stars,100+ bought in past month
"9H+ Glass for Samsung Galaxy S26 Ultra Screen Protector Tempered Glass, [One-Pull Easy Install] [12 FT Shatterproof] Support Fingerprint Unlock, Auto Dust-Elimination, Bubble Free, Case Fit, 2 Pack","2,062
.",4.5 out of 5 stars,300+ bought in past month
"Samsung Galaxy Z Fold7 Cell Phone, 512GB AI Smartphone, Unlocked Android, AI Photo Edits, Large Screen, Long Battery Life, 2025, US 1 Yr Manufacturer Warranty, JetBlack","217,958
.",4.6 out of 5 stars,100+ bought in past month
"Kewig Motorcycle Phone Mount with Aluminum Alloy Mounting Base [Camera Friendly] [1s Lock & Release] Bike Handlebar Cellphone Holder for Scooter Bicycle ATV, Fit 5.4-7.2"" Smartphone","2,668
.",4.3 out of 5 stars,100+ bought in past month
"Samsung Galaxy S22 5G, 128GB, Phantom Black - Unlocked (Renewed)","21,280
.",3.8 out of 5 stars,1K+ bought in past month
"Samsung Galaxy S22 Ultra 5G, US Version, 512GB, Phantom Black - Unlocked (Renewed)",N/A,3.7 out of 5 stars,200+ bought in past month
"Blackview Fort 1 Rugged Phone Android 15,10000mAh Battery 12GB+128GB 2TB Expand Rugged Smartphone Unlocked, Gemini AI 6.56 Inch 90Hz, 4G T-Mobile Dual SIM IP69K Waterproof, Fingerprint/NFC/OTG/GPS","22,568
.",4.2 out of 5 stars,50+ bought in past month
"Motorola Moto G75 5G (XT2437-2) Dual Sim 8+256GB | International Model | GSM Factory Unlocked | Compatible with Metro PCS, T-Mobile, Mint, Tello | 6.78"" LCD Display | 50MP Camera - (Gray)",N/A,4.3 out of 5 stars,100+ bought in past month
Motorola Moto G86 Dual-SIM 256GB ROM + 8GB RAM (GSM Only | No CDMA) Factory Unlocked 5G Smartphone (Pantone Spellbound) - International Version,"29,661
.",4.4 out of 5 stars,100+ bought in past month
Motorola Edge | 2021 | 2-Day Battery | Unlocked | Made for US by Motorola | 8/256GB | 108MP Camera | Nebula Blue (Renewed),N/A,4.0 out of 5 stars,50+ bought in past month
"Motorola razr | 2024 | Unlocked | Made for US 8/256GB | 50MP Camera | Spritz Orange | 2024, Unlocked, Made for US, 50MP Camera","51,586
.",4.2 out of 5 stars,Only 9 left in stock - order soon.
"Motorola Moto Edge 70 5G Ai (Compatible with Tmobile Mint Tello & Global) (512GB+12GB) NFC 50MP 4K Triple Cam Dual Sim 6.67"" Curved XT2601-3 Latino American Version (Bronze Green)",N/A,4.7 out of 5 stars,No featured offers available
"Samsung Galaxy S26+, Unlocked Android Smartphone, 512GB Powerful Processor, Galaxy AI, Immersive Viewing, Durable Battery, 2026, US 1 Year Warranty, White","145,089
.",4.6 out of 5 stars,List: 
Unlocked Cell Phone A14 Pro Max Smartphone 6GB+256GB Android Phone 13MP+50MP Camera 6.8-inch HD Screen Mobile Phone 5G Dual SIM (Gold1),"11,606
.",5.0 out of 5 stars,Only 20 left in stock - order soon.
"Samsung Galaxy A10e 32GB A102U GSM Unlocked Phone - Black (Renewed) | A102U, GSM, Phone",N/A,4.0 out of 5 stars,1K+ bought in past month
"OnePlus Nord N200 | 5G Unlocked U.S Version | 6.49"" Full HD+LCD Screen | 90Hz Smooth Display | Large 5000mAh Battery | Fast Charging | 64GB Storage | Triple Camera (Unlocked) (Renewed)",N/A,4.1 out of 5 stars,200+ bought in past month
"Google Pixel 10 Pro - Unlocked Android Smartphone - Gemini AI Assistant, Triple Rear Camera System, and 6.3"" Super Actua Display - Moonstone - 128 GB (2025 Model) (Renewed)","66,913
.",3.8 out of 5 stars,50+ bought in past month
"Ulefone Armor 33 Pro 5G Dual Screen Rugged Phone, 6.95"" FHD 120Hz + 3.4"" Screen, 25500mAh (66W) 32GB+512GB, 50MP+50MP+64MP+32MP, Infinite Halo, 118dB Speaker, Package with Armor Molle Holster","65,773
.",3.8 out of 5 stars,Only 19 left in stock - order soon.
Google Pixel 7 128GB 5G Smartphone - Unlocked for All Carriers - US Version - (Obsidian),"36,750
.",4.1 out of 5 stars,100+ bought in past month
"KYOCERA DuraForce PRO 3 E7200 Verizon 128GB Black 5G Smartphone | Verizon, 5G, Smartphone",N/A,4.4 out of 5 stars,No featured offers available
"Ulefone Armor 29 Pro Thermal, 5G AI Rugged Phone, 32GB+512GB/2TB, MTK Dimensity 7400, 6.67"" AMLOD Dual Screen, 64MP+50MP+50MP Real Camera, 21200mAh/120W, 1000LM LED Light, Widevine L1, Android 15","96,726
.",5.0 out of 5 stars,List: 
"Ulefone Armor X16 Pro 5G Rugged Smartphone, 16GB+256GB MTK Dimensity 6300 Android 15, 64MP+25MP Main Camera, 10360mAh, 6.56"" 120Hz Corning Gorilla Screen, IP68/69K Waterproof, Widevine L1 - Sand Dune","37,400
.",4.5 out of 5 stars,Only 3 left in stock - order soon.
"$29/mo. Ultra Mobile Prepaid Phone Plan with Unlimited Talk, Text, & 12GB of 5G • 4G LTE Data for 1 Month (3-in-1 SIM Card Kit)","3,724
.",3.9 out of 5 stars,N/A
64GB USB C Flash Drive Dual USB 3.0 Flash Drive Type C + USB A Portable Type-C Flash Drive 2-in-1 USB-C Thumb Drive for Smartphone Tablet Computer Mac iPhone 16/17 Black,"4,125
.",4.4 out of 5 stars,100+ bought in past month
"Kewig Motorcycle Phone Mount with Aluminum Alloy Mounting Base [Camera Friendly] [1s Lock & Release] Bike Handlebar Cellphone Holder for Scooter Bicycle ATV, Fit 5.4-7.2"" Smartphone","2,668
.",4.3 out of 5 stars,100+ bought in past month
"$29/mo. Ultra Mobile Prepaid Phone Plan with Unlimited Talk, Text, & 12GB of 5G • 4G LTE Data for 1 Month (3-in-1 SIM Card Kit)","3,724
.",3.9 out of 5 stars,N/A
Motorola razr | 2023 | Unlocked | Made for US 8/128 | 32MP Camera | Sage Green,N/A,3.8 out of 5 stars,N/A
"Blackview XPLORE 1 Walkie Talkie Gemini AI 5G Rugged Phone Unlocked Android 15,20000mAh/55W 36GB+256GB Rugged Smartphone,6.78"" 2.4K 120Hz 64MP+20MP Night Vision IP69K Waterproof Dual SIM NFC/OTG/WiFi","54,166
.",4.6 out of 5 stars,Save 5%
"Tracfone Motorola Moto G 2025, 64GB, Saphire Blue - 6.6"" 120Hz Display, 5G Prepaid Smartphone, 50MP Quad Pixel Camera, Long-Lasting Battery (Locked to Tracfone)",N/A,4.6 out of 5 stars,500+ bought in past month
"SAMSUNG Galaxy S25 Ultra SM-S938B/DS 256GB 12GB RAM AI Smartphone, Factory Unlocked, Global Model - Titanium Black","126,132
.",4.4 out of 5 stars,50+ bought in past month
"Google Pixel 7 Pro - 5G Android Phone - Unlocked Smartphone with Telephoto , Wide Angle Lens, and 24-Hour Battery - 128GB - Snow","39,722
.",4.2 out of 5 stars,Typical: 
"Blackview XPLORE 1 Pro AI 5G Rugged Phone Android 15(FLIR Thermal Imaging), 20000mAh/55W 48GB +512GB Rugged Smartphone Unlocked, 6.78"" 2.4K 120Hz 64MP+20MP IP69K Waterproof Dual SIM NFC/OTG/WiFi","63,838
.",3.5 out of 5 stars,Typical: 
SAMSUNG Galaxy S22 5G SM-S901B/DS 128GB 8GB Dual SIM Factory Unlocked GSM Smartphone - International Version (Phantom Black),N/A,4.1 out of 5 stars,No featured offers available
Google Pixel 9 Pro Fold - Unlocked Android Smartphone with Gemini - Advanced Triple Rear Camera System - Foldable Display - Hands-Free Video - Obsidian - 256 GB (Renewed),N/A,3.8 out of 5 stars,100+ bought in past month
"Samsung Galaxy S26+, Unlocked Android Smartphone, 512GB Powerful Processor, Galaxy AI, Immersive Viewing, Durable Battery, 2026, US 1 Year Warranty, White","145,089
.",4.6 out of 5 stars,List: 
Unlocked Cell Phone A14 Pro Max Smartphone 6GB+256GB Android Phone 13MP+50MP Camera 6.8-inch HD Screen Mobile Phone 5G Dual SIM (Gold1),"11,606
.",5.0 out of 5 stars,Only 20 left in stock - order soon.
"Samsung Galaxy A14 5G, 64GB, Black - Unlocked (Renewed)","10,311
.",3.9 out of 5 stars,500+ bought in past month
"FOSSIBOT F109S Rugged Gaming Phone Unlocked 6.74”HD+1.32"" Dual Screen 10600mAh Battery 24GB+256GB/2TB Android 15 Smartphone 50MP Rear Camera Waterproof Phone,/NFC/Fingerprint Cell Phones (blackblo)","25,792
.",4.1 out of 5 stars,Only 12 left in stock - order soon.
Kyocera DuraForce Ultra 5G UW E7110 | Ultra Rugged 5G Smartphone for Use on The Verizon Wideband Network,N/A,3.2 out of 5 stars,No featured offers available
"Samsung Galaxy A03s, 32GB, Black - Unlocked (GSM Only) (Renewed)","8,510
.",4.1 out of 5 stars,400+ bought in past month
"Ulefone Armor 27 Pro 5G Rugged Smartphone Android 15 2026, 12GB+256GB 10600mAh/33W Dimensity 6300 50MP+64MP Night Vision 6.78"" FHD+ 120Hz IP68/69K Waterproof Dual SIM Smartphone Fingerprint ID NFC","51,586
.",4.2 out of 5 stars,Only 5 left in stock - order soon.
"XIAOMI Redmi Note 15 Pro 4G LTE Ai (for Tmobile Mint Tello & Global) (256GB + 8GB) 6.77"" 120Hz 200MP AI Camera Model 25100RA69G Unlocked Dual Sim Liberado (Black)","38,626
.",4.4 out of 5 stars,Typical: 
"Maxwest Gravity G64 Smartphone, 6.57-inch HD+ Display, 16MP AI Camera - 64GB Storage - 8GB RAM, Face Unlock, Black, Blue, Silver, Mint","12,895
.",3.8 out of 5 stars,200+ bought in past month
"Google Pixel 7 5G, US Version, 128GB, Obsidian - Unlocked (Renewed)",N/A,3.8 out of 5 stars,500+ bought in past month
64GB USB C Flash Drive Dual USB 3.0 Flash Drive Type C + USB A Portable Type-C Flash Drive 2-in-1 USB-C Thumb Drive for Smartphone Tablet Computer Mac iPhone 16/17 Black,"4,125
.",4.4 out of 5 stars,100+ bought in past month
"9H+ Glass for Samsung Galaxy S26 Ultra Screen Protector Tempered Glass, [One-Pull Easy Install] [12 FT Shatterproof] Support Fingerprint Unlock, Auto Dust-Elimination, Bubble Free, Case Fit, 2 Pack","2,062
.",4.5 out of 5 stars,300+ bought in past month
"Kewig Motorcycle Phone Mount with Aluminum Alloy Mounting Base [Camera Friendly] [1s Lock & Release] Bike Handlebar Cellphone Holder for Scooter Bicycle ATV, Fit 5.4-7.2"" Smartphone","2,668
.",4.3 out of 5 stars,100+ bought in past month
"$29/mo. Ultra Mobile Prepaid Phone Plan with Unlimited Talk, Text, & 12GB of 5G • 4G LTE Data for 1 Month (3-in-1 SIM Card Kit)","3,724
.",3.9 out of 5 stars,N/A
Google Pixel 9 Pro Fold - Unlocked Android Smartphone with Gemini - Advanced Triple Rear Camera System - Foldable Display - Hands-Free Video - Obsidian - 256 GB (Renewed),N/A,3.8 out of 5 stars,100+ bought in past month
"Google Pixel 7 5G, US Version, 128GB, Obsidian - Unlocked (Renewed)",N/A,3.8 out of 5 stars,500+ bought in past month
"Motorola Moto G15 4G LTE (XT2521-2) 4+256GB Dual Sim | GSM Unlocked | International Model | for T-Mobile, Metro PCS, Mint & Tello - (Gray)",N/A,4.2 out of 5 stars,400+ bought in past month
"Samsung Galaxy A26 5G SM-A266U 128 GB Smartphone - 6.7"" Super AMOLED Full HD Plus 1080 x 2340 - Octa-core (Cortex A78Quad-core (4 Core) 2.40 GHz + Cortex A55 Quad-core (4 Core) 2 GHz - 6 GB RAM","27,572
.",3.8 out of 5 stars,100+ bought in past month
"Tracfone Samsung Galaxy A26 5G, 128GB Storage | 6.7” FHD+ 120Hz Super AMOLED Display | 50MP OIS Camera | 5000mAh Battery | Tracfone Locked | Prepaid Smartphone - Black","21,923
.",4.4 out of 5 stars,200+ bought in past month
"Ulefone Armor Mini 20 Pro 5G Rugged Phone, 16GB+256GB MTK Dimensity 6300, 64MP+50MP Main Camera, 6200mAh(33W), 4.7"" HD+ Corning Gorilla Screen, IP68/69K Waterproof, Versatile LED Light, Android 15","45,138
.",4.4 out of 5 stars,Only 11 left in stock - order soon.
Motorola Moto G Play | 2024 | AT&T Unlocked 4G LTE | 4/64GB | 50 MP Camera | Sapphire Blue (Renewed),N/A,4.2 out of 5 stars,300+ bought in past month
"Samsung Galaxy S25 5G SM-S931B/DS 256GB 12GB Dual SIM Factory Unlocked GSM Smartphone, 6.2"" 120Hz AMOLED Display, 50MP Cameras - International Version (Navy)","96,405
.",4.5 out of 5 stars,50+ bought in past month
"Samsung Galaxy S26+, Unlocked Android Smartphone, 512GB Powerful Processor, Galaxy AI, Immersive Viewing, Durable Battery, 2026, US 1 Year Warranty, White","145,089
.",4.6 out of 5 stars,List: 
Unlocked Cell Phone A14 Pro Max Smartphone 6GB+256GB Android Phone 13MP+50MP Camera 6.8-inch HD Screen Mobile Phone 5G Dual SIM (Gold1),"11,606
.",5.0 out of 5 stars,Only 20 left in stock - order soon.
"SAMSUNG Galaxy S23 Ultra Series AI Phone, Unlocked Android Smartphone, 256GB Storage, 8GB RAM, 200MP Camera, Night Mode, Long Battery Life, S Pen, US Version, 2023, Phantom Black | 8GB RAM, 200MP Camera, Night Mode, Long Battery Life, S Pen, US Version",N/A,4.6 out of 5 stars,Energy efficiency +2 more
"FOSSIBOT F107Pro 30+512GB 5G Rugged Phone Unlocked, 28000mAh Battery 66W Cell Phone, 200MP AI Night Vision, 6.95"" FHD+120 Hz Display, Dimensity 7300+Phone Android 15-T-Mobile (512GB-Black) | Full-color Night Ai","64,483
.",3.7 out of 5 stars,Only 7 left in stock - order soon.
"Ulefone Armor 24 22000mAh Mega Battery Unlocked Rugged Phone, Camping Light, 24GB RAM +256GB ROM, 6.78"" FHD+120Hz Screen, 64MP Main Camera + 64MP Night Vision Camera, Android 14 Rugged Smartphone NFC","43,848
.",4.2 out of 5 stars,Only 6 left in stock - order soon.
LIVELY Jitterbug Smart4 Smartphone for Seniors - Cell Phone for Seniors - Not Compatible with Other Wireless Carriers - No SIM Needed - Must Be Activated Phone Plan,"7,351
.",4.0 out of 5 stars,500+ bought in past month
Samsung Galaxy ​S25 Ultra 5G 2025 (International Version) | GSM Unlocked (T-Mobile) | ​1TB ​Storage​ + 12GB RAM SM-S938B ​Qualcomm Snapdragon 8 Elite Android 15 Smartphone (Titanium Black),"150,830
.",4.5 out of 5 stars,N/A
Motorola Moto G15 Power Dual-SIM 512GB ROM + 8GB RAM (GSM Only | No CDMA) Factory Unlocked 4G/LTE Smartphone (Gravity Grey) - International Version,"21,860
.",4.5 out of 5 stars,Only 5 left in stock - order soon.
"Ulefone Armor Mini 20T Pro 5G Rugged Phone, Thermal Imaging 50MP Main Camera, 16GB+256GB MTK Dimensity 6300, 6200mAh(33W), 4.7"" HD+ Corning Gorilla Screen, Waterproof, Versatile LED Light, Android 15","60,614
.",4.4 out of 5 stars,Only 12 left in stock - order soon.
"TracFone Samsung Galaxy A16 5G, 128GB, 50MP Triple Camera, Android 6.7"" FHD+ Super AMOLED 90Hz Display [Activation Promotion Incl: 1500Min/1500Txt/1500MB, 365 Days Service Plan] Locked to BLK","10,316
.",4.6 out of 5 stars,200+ bought in past month
64GB USB C Flash Drive Dual USB 3.0 Flash Drive Type C + USB A Portable Type-C Flash Drive 2-in-1 USB-C Thumb Drive for Smartphone Tablet Computer Mac iPhone 16/17 Black,"4,125
.",4.4 out of 5 stars,100+ bought in past month
"9H+ Glass for Samsung Galaxy S26 Ultra Screen Protector Tempered Glass, [One-Pull Easy Install] [12 FT Shatterproof] Support Fingerprint Unlock, Auto Dust-Elimination, Bubble Free, Case Fit, 2 Pack","2,062
.",4.5 out of 5 stars,300+ bought in past month
"Samsung Galaxy Z Fold7 Cell Phone, 256GB AI Smartphone, Unlocked Android, AI Photo Edits, Large Screen, Long Battery Life, 2025, US 1 Yr Manufacturer Warranty, Blue Shadow","206,350
.",4.6 out of 5 stars,100+ bought in past month
"Kewig Motorcycle Phone Mount with Aluminum Alloy Mounting Base [Camera Friendly] [1s Lock & Release] Bike Handlebar Cellphone Holder for Scooter Bicycle ATV, Fit 5.4-7.2"" Smartphone","2,668
.",4.3 out of 5 stars,100+ bought in past month
"Tracfone Samsung Galaxy A16 5G, 128GB, 50MP Triple Camera, Android Smartphone, 6.5"" FHD+ Super AMOLED 90Hz Display, Long-Lasting Battery - Locked to Tracfone - Awesome Black",N/A,4.3 out of 5 stars,1K+ bought in past month
"Ulefone Armor X16 Rugged Cell Phone, Android 15 OS, 10360mAh/33W, 12+128GB/2TB, 48MP+20MP+2MP+16MP Camera, 6.56” 90HZ, Widevine L1/NFC/GPS/Dual SIM 4G LTE Unlocked Smartphone - Wasteland Shadow","25,792
.",4.2 out of 5 stars,N/A
Motorola Razr 40 Ultra Dual-Sim 256GB ROM + 8GB RAM Factory Unlocked 5G Smartphone (Black) - International Version (Renewed),N/A,4.0 out of 5 stars,N/A
"SAMSUNG Galaxy XCover6 Pro 5G | Rugged (IP68 Rated) Unlocked (Verizon, AT&T, T-Mobile, US Cellular) | Dual Sim (1 Nano + 1 eSIM) | 128GB | US Version (2022 Model) | Black (SM-G736UZKEXAA)",N/A,3.9 out of 5 stars,50+ bought in past month
"Flir One Pro - Thermal Imaging Camera for iOS Smartphones (iPhone 15 and Newer w/USB-C), 480x360 Super Resolution (160x120 Native IR)",N/A,4.1 out of 5 stars,200+ bought in past month
"Samsung Galaxy S20 FE 5G, 128GB + 6GB RAM, Cloud Navy - Unlocked (Renewed)","17,925
.",4.0 out of 5 stars,400+ bought in past month
Motorola razr+ | 2024 | Unlocked | Made for US 12/256 | 50MP Camera | Hot Pink,"70,932
.",4.0 out of 5 stars,200+ bought in past month
"Ulefone Armor 26 Ultra 5G Rugged Smartphone, MTK Dimensity 8020 24GB+512GB, 200MP Quad Camera, 15600mAh(120W), 33W Dock Charging, 121dB Speaker, 6.78"" FHD+ Corning Gorilla Screen, IP68/69K, Android 13","61,388
.",3.5 out of 5 stars,Typical: 
Unlocked Cell Phone A14 Pro Max Smartphone 6GB+256GB Android Phone 13MP+50MP Camera 6.8-inch HD Screen Mobile Phone 5G Dual SIM (Gold1),"11,606
.",5.0 out of 5 stars,Only 20 left in stock - order soon.
"Samsung Galaxy S26+, Unlocked Android Smartphone, 512GB Powerful Processor, Galaxy AI, Immersive Viewing, Durable Battery, 2026, US 1 Year Warranty, White","145,089
.",4.6 out of 5 stars,List: 
"Motorola Moto Edge 50 Fusion 5G (XT2429-1) Dual Sim | GSM Unlocked | 6.7"" P-OLED 120Hz Display | 8GB Ram 256GB Storage - International Version - (Blue)","34,821
.",4.2 out of 5 stars,N/A
BLU | Bold K50 | 5G| 2024 | 3-Day Battery | Unlocked | 6.7” FHD+ 3D AMOLED | 256/8GB | Triple 64MP Camera | US Version | US Warranty | Purple,N/A,4.1 out of 5 stars,N/A
"Tracfone Samsung Galaxy A03s, 32GB [Activation Promo Incl: 1500Min/1500Txt/1500MB, 365 Days Service Plan] Prepaid Smartphone (Locked to Tracfone) 6.5"" HD+ LCD Infinity-V Disp., 13MP Cam, BK Android 11","5,157
.",3.1 out of 5 stars,200+ bought in past month
"T-Mobile Revvl 7 Pro 5G Unlocked Smartphone, 256GB, Azurite Blue","16,506
.",4.0 out of 5 stars,200+ bought in past month
"Blackview WAVE 8 Unlocked Phones, Android 15 Smartphones 24GB+256GB/2TB, 4G Octa-Core, 13MP+8MP AI Camera 5000mAh/10W Cell Phone, 6.56"" HD+, GPS/OTG, Fingerprint/Face ID Mobile Phones, Black Celulares","12,379
.",3.9 out of 5 stars,Typical: 
Motorola Edge | 2021 | 2-Day Battery | Unlocked | Made for US 8/256GB | 108MP Camera | Nebula Blue,"30,951
.",4.2 out of 5 stars,Only 4 left in stock - order soon.
"Amazon Basics 1TB microSDXC Card with Adapter for Smartphones, Full HD, Tablets, Drones, Action Cameras, Read Speed Up to 200MB/s, 1-Pack","23,117
.",4.6 out of 5 stars,500+ bought in past month
Motorola Moto G Stylus 5G | 2023 | Unlocked | Made for US 4/128GB | 50MP Camera | Cosmic Black,"20,504
.",4.3 out of 5 stars,100+ bought in past month
"$29/mo. Ultra Mobile Prepaid Phone Plan with Unlimited Talk, Text, & 12GB of 5G • 4G LTE Data for 1 Month (3-in-1 SIM Card Kit)","3,724
.",3.9 out of 5 stars,N/A
64GB USB C Flash Drive Dual USB 3.0 Flash Drive Type C + USB A Portable Type-C Flash Drive 2-in-1 USB-C Thumb Drive for Smartphone Tablet Computer Mac iPhone 16/17 Black,"4,125
.",4.4 out of 5 stars,100+ bought in past month
"Kewig Motorcycle Phone Mount with Aluminum Alloy Mounting Base [Camera Friendly] [1s Lock & Release] Bike Handlebar Cellphone Holder for Scooter Bicycle ATV, Fit 5.4-7.2"" Smartphone","2,668
.",4.3 out of 5 stars,100+ bought in past month
"$29/mo. Ultra Mobile Prepaid Phone Plan with Unlimited Talk, Text, & 12GB of 5G • 4G LTE Data for 1 Month (3-in-1 SIM Card Kit)","3,724
.",3.9 out of 5 stars,N/A
"Bigme HiBreakS Color Epaper Smart Phone,3300mAh Battery, 8-Core Processor, 6GB+128GB, 5.84 Inch Mobile Phone, Dual Camera, White","39,580
.",4.4 out of 5 stars,Only 1 left in stock - order soon.
"Motorola Moto G Power 5G 2024 (128GB, 8GB) 6.7"" HD+ w/ 120Hz Refresh Rate, 50MP Camera, 5G / 4G LTE (AT&T Unlocked for T-Mobile, Metro, Global) XT2415-3 (Midnight Blue) (Renewed)",N/A,3.7 out of 5 stars,100+ bought in past month
Samsung Galaxy A05 A065M 64GB Dual-SIM GSM Unlocked Android Smartphone (Latin America Version) - Black,"13,412
.",4.4 out of 5 stars,100+ bought in past month
"SAMSUNG Galaxy A06 4G LTE (64GB + 4GB) Latin Version SM-A065M/DS (Tmobile Metro Mint & Global) 6.7"" Dual Sim 50MP Dual Cam + (Wall 25W Dual Port Bundle) (Light Green SM-A065M/DS Model)","12,280
.",4.5 out of 5 stars,More Buying Choices
"Samsung Galaxy Z Flip 5 5G, US Version, 256GB, Graphite - Unlocked (Renewed)","35,853
.",4.0 out of 5 stars,200+ bought in past month
"Samsung Galaxy S21+ 5G, US Version, 128GB, Phantom Black - Unlocked (Renewed)",N/A,4.0 out of 5 stars,300+ bought in past month
"Samsung Galaxy S20+ Plus 5G Factory Unlocked SM-G986U1 Cosmic Black 12GB Ram 128GB Storage (ATT, Verizon, Sprint and Tmobile) - US Warranty",N/A,3.7 out of 5 stars,50+ bought in past month
"realme Note 70T 4G Smartphone 4+128GB, 6.75 inch Screen, Black, 90Hz Display, 6000mAh Battery, 32MP Camera, Powerful Octa-core Processor, ArmorShell Protection, IP54","11,349
.",4.6 out of 5 stars,Only 16 left in stock - order soon.
Unlocked Cell Phone A14 Pro Max Smartphone 6GB+256GB Android Phone 13MP+50MP Camera 6.8-inch HD Screen Mobile Phone 5G Dual SIM (Gold1),"11,606
.",5.0 out of 5 stars,Only 20 left in stock - order soon.
"Samsung Galaxy S26+, Unlocked Android Smartphone, 512GB Powerful Processor, Galaxy AI, Immersive Viewing, Durable Battery, 2026, US 1 Year Warranty, White","145,089
.",4.6 out of 5 stars,List: 
LG Wing 5G ATT Unlocked LMF100VM1A 6.8 inch 8GB+256GB - Aurora Grey (US Warranty),"38,689
.",3.6 out of 5 stars,N/A
"Samsung Galaxy A16 5G A Series, Unlocked Android Smartphone, Large AMOLED Display, Durable Design, Super Fast Charging, Expandable Storage, 5G Connectivity, US Version, 2025, Blue Black",N/A,4.2 out of 5 stars,300+ bought in past month
SAMSUNG Galaxy ​S25 Ultra 5G 2025 (International Version) | GSM Unlocked (T-Mobile) | ​512GB ​Storage​ + 12GB RAM SM-S938B ​Qualcomm Snapdragon 8 Elite Android 15 Smartphone (Titanium Grey),"137,997
.",4.4 out of 5 stars,Only 4 left in stock - order soon.
"NUU N30 Cell Phone Unlocked for T-Mobile, Mint, Metro, Qlink, Tello 6GB/128GB, Teen Phone, Dual SIM 4G, Octa-Core 6.7"" 90Hz HD+, Any Parental APP, Unlocked Android Phones, Purple, 1 Year US Warranty","12,895
.",4.3 out of 5 stars,100+ bought in past month
"Bigme HiBreak Pro 6.13"" Epaper Cell Phone 8+256 GB Android 14 OS Smart Phone,5G Dual SIM, GPS, Black",N/A,3.4 out of 5 stars,N/A
Motorola Moto G Stylus | 2022 | 2-Day Battery | Unlocked | Made for US 4/128GB | 50MP Camera | Twilight Blue,"16,343
.",4.3 out of 5 stars,50+ bought in past month
"Sony Xperia 1 VII XQ-FS72 512GB 12GB Dual SIM Factory Unlocked GSM Smartphone, 5G 6.5"" 120Hz OLED Display, 48MP Camera - International Version (Slate Black)",N/A,4.1 out of 5 stars,No featured offers available
"Simple Mobile Samsung Galaxy A15 5G, 64GB, Black - Prepaid Smartphone, 6.5"" Super AMOLED Display, 50MP Camera, Long-Lasting Battery (Locked to Simple Mobile)",N/A,4.1 out of 5 stars,No featured offers available
64GB USB C Flash Drive Dual USB 3.0 Flash Drive Type C + USB A Portable Type-C Flash Drive 2-in-1 USB-C Thumb Drive for Smartphone Tablet Computer Mac iPhone 16/17 Black,"4,125
.",4.4 out of 5 stars,100+ bought in past month
"9H+ Glass for Samsung Galaxy S26 Ultra Screen Protector Tempered Glass, [One-Pull Easy Install] [12 FT Shatterproof] Support Fingerprint Unlock, Auto Dust-Elimination, Bubble Free, Case Fit, 2 Pack","2,062
.",4.5 out of 5 stars,300+ bought in past month
"Samsung Galaxy S26+, Unlocked Android Smartphone, 256GB, Powerful Processor, Galaxy AI, Immersive Viewing, Durable Battery, 2026, US 1 Year Warranty, Black","119,295
.",4.6 out of 5 stars,200+ bought in past month
"Kewig Motorcycle Phone Mount with Aluminum Alloy Mounting Base [Camera Friendly] [1s Lock & Release] Bike Handlebar Cellphone Holder for Scooter Bicycle ATV, Fit 5.4-7.2"" Smartphone","2,668
.",4.3 out of 5 stars,100+ bought in past month
"Samsung Galaxy S22 Ultra 5G, US Version, 256GB, Burgundy - Unlocked (Renewed)",N/A,3.7 out of 5 stars,100+ bought in past month
"Samsung Galaxy S23+ Plus 5G, US Version, 512GB, Phantom Black - Unlocked (Renewed)","40,367
.",4.3 out of 5 stars,100+ bought in past month
Motorola Moto G Power 5G | 2023 | Unlocked | Made for US 4/128GB | 50 MPCamera | Mineral Black,"18,041
.",4.3 out of 5 stars,50+ bought in past month
"Kids Smart Phone for Girls, Christmas Birthday Gifts for Girls Age 3-10 Kids Toys Cell Phone, 2.8"" Touchscreen Toddler Learning Play Toy Phone with Dual Camera, Game, Music Player, 8GB Card Purple","3,702
.",4.5 out of 5 stars,2K+ bought in past month
"Xiaomi Poco X7 PRO 5G + 4G LTE (for Tmobile Mint Tello & Global) (256GB + 12GB) Ai 6.67"" 50MP Gamers Phone NFC Dual sim Unlocked Model 2412DPC0AG (Black)",N/A,4.3 out of 5 stars,No featured offers available
"XIAOMI Redmi A5 4G LTE (for Tmobile Tello & Global) (64GB + 3GB) 32MP Ai Dual Camera 6.88"" Model 25028RN03L Dual Sim (Midnight Black)","12,381
.",4.4 out of 5 stars,100+ bought in past month
"Samsung Galaxy A56 5G Cell Phone, 256GB AI Smartphone, Unlocked Android, AI Photo Edits, Large Screen, Long Battery Life, 2025, US 1 Yr Manufacturer Warranty, Amazon Exclusive, Awesome Olive","70,932
.",4.3 out of 5 stars,More Buying Choices
"Tracfone, TCL FLIP 3, 16GB, Flip Phone, Stone Gray, 5MP Video Capable Camera, Locked [Sim Card Included - Separate Purchase Not Necessary]",N/A,4.1 out of 5 stars,3K+ bought in past month
"I24 Ultra 5G Unlocked Phones 8+512GB Android13 Smartphone Battery 6800mAh 6.9"" HD Screen Unlocked Cell Phone,48MP+108MP Camera/Face ID/5G/Fingerprint Lock/Dual SIM/GPS (Green)","20,633
.",5.0 out of 5 stars,N/A
"Unlocked Cell Phones Smartphone Android 13 Phones 8+256GB/6.8"" HD Screen/108MP+48MP Camera/6800 mAh/Built-in Pen (Green)","18,054
.",2.6 out of 5 stars,Only 8 left in stock - order soon.
BLU G84 | 2024 | 3-Day Battery | Unlocked | 6.8” FHD+ Infinity Dot Display | 256GB | Triple 50MP Camera | NFC | US Version | US Warranty | Blue,N/A,3.5 out of 5 stars,N/A
"Motorola Moto Edge 60 Pro 5G Ai (Tmobile Mint Tello & Global) (512GB+12GB) NFC 50MP Triple Cam Dual Sim 6.7"" XT2507-1 Latino American Version (Pantone Shadow)",N/A,4.5 out of 5 stars,No featured offers available
Motorola Moto E15 Dual-SIM 64GB ROM + 2GB RAM (GSM Only | No CDMA) Factory Unlocked 4G/LTE Smartphone (Fresh Lavender) - International Version,"12,574
.",4.2 out of 5 stars,50+ bought in past month
"Samsung Galaxy S22 5G, US Version, 128GB, Bora Purple - Unlocked (Renewed)",N/A,3.9 out of 5 stars,100+ bought in past month
Google Pixel 6 Pro - 5G Android Phone - Unlocked Smartphone with Advanced Pixel Camera and Telephoto Lens - 128GB - Sorta Sunny,"38,689
.",4.2 out of 5 stars,N/A
"SAMSUNG Galaxy A05 (SM-A055M/DS), 128GB 4GB RAM, Dual SIM, Factory Unlocked GSM, International Version (Wall Charger Bundle) - (Black)","16,701
.",4.4 out of 5 stars,Only 5 left in stock - order soon.
Google Pixel 8 Pro - Unlocked Android Smartphone with Telephoto Lens and Super Actua Display - 24-Hour Battery - Obsidian - 128 GB,"74,801
.",4.4 out of 5 stars,Typical: 
"Samsung Galaxy Z Flip 4 5G, US Version, 256GB, Graphite - Unlocked (Renewed)",N/A,3.7 out of 5 stars,N/A
"$29/mo. Ultra Mobile Prepaid Phone Plan with Unlimited Talk, Text, & 12GB of 5G • 4G LTE Data for 1 Month (3-in-1 SIM Card Kit)","3,724
.",3.9 out of 5 stars,N/A
64GB USB C Flash Drive Dual USB 3.0 Flash Drive Type C + USB A Portable Type-C Flash Drive 2-in-1 USB-C Thumb Drive for Smartphone Tablet Computer Mac iPhone 16/17 Black,"4,125
.",4.4 out of 5 stars,100+ bought in past month
